Epoch,Train_Loss,Val_Loss
1,1351.2262725830078,1343.1719665527344
2,1341.2194519042969,1332.2654113769531
3,1332.5043182373047,1323.8625793457031
4,1324.8775634765625,1316.9418640136719
5,1318.3748779296875,1310.7091369628906
6,1312.6738586425781,1305.0585632324219
7,1307.1954498291016,1300.1055450439453
8,1302.3201599121094,1295.5338287353516
9,1297.673080444336,1291.1875
10,1293.2404479980469,1286.838134765625
11,1289.0525970458984,1282.5237731933594
12,1284.7665252685547,1278.2618865966797
13,1280.7764587402344,1273.9843444824219
14,1276.4034118652344,1269.7800598144531
15,1272.478515625,1265.6273040771484
16,1268.3443298339844,1261.5295715332031
17,1264.3564147949219,1257.4639739990234
18,1260.148178100586,1253.4586791992188
19,1256.0041809082031,1249.495849609375
20,1252.0673217773438,1245.5092163085938
21,1248.112045288086,1241.5014953613281
22,1244.1499328613281,1237.5030517578125
23,1239.9901428222656,1233.4819946289062
24,1235.850570678711,1229.4687194824219
25,1231.9449005126953,1225.4193878173828
26,1227.6666107177734,1221.3742218017578
27,1223.7358703613281,1217.3153381347656
28,1219.6127624511719,1213.2298278808594
29,1215.5220794677734,1209.1118774414062
30,1211.4625549316406,1204.988525390625
31,1207.3113098144531,1200.816421508789
32,1202.8739776611328,1196.658676147461
33,1198.7294921875,1192.4690399169922
34,1194.589614868164,1188.2377471923828
35,1190.297607421875,1184.0116577148438
36,1186.155029296875,1179.755111694336
37,1181.6833801269531,1175.4631652832031
38,1177.4417419433594,1171.1658020019531
39,1173.0130767822266,1166.8441467285156
40,1168.6528930664062,1162.5123443603516
41,1164.322021484375,1158.1329650878906
42,1159.7723999023438,1153.7179412841797
43,1155.387435913086,1149.3363189697266
44,1150.8453674316406,1144.9160614013672
45,1146.543212890625,1140.4368133544922
46,1142.0940399169922,1135.9396362304688
47,1137.4326171875,1131.4492645263672
48,1132.872543334961,1126.947250366211
49,1128.1359252929688,1122.4202728271484
50,1123.7017822265625,1117.8501434326172
51,1119.1414337158203,1113.25048828125
52,1114.341781616211,1108.6854553222656
53,1109.8582153320312,1104.083236694336
54,1105.2246551513672,1099.4261474609375
55,1100.4368438720703,1094.8016510009766
56,1095.9475860595703,1090.1626434326172
57,1090.90869140625,1085.5201110839844
58,1086.4696807861328,1080.8296966552734
59,1081.417465209961,1076.1724700927734
60,1077.0228271484375,1071.4907684326172
61,1072.3774871826172,1066.7738952636719
62,1067.3179626464844,1062.1053161621094
63,1062.7479705810547,1057.3442840576172
64,1058.185317993164,1052.6236877441406
65,1053.1329040527344,1047.8859100341797
66,1048.3155822753906,1043.136215209961
67,1043.4882507324219,1038.3948669433594
68,1038.9467315673828,1033.613540649414
69,1034.3291015625,1028.8077850341797
70,1029.3351593017578,1024.0806884765625
71,1024.3826141357422,1019.3089599609375
72,1019.6443176269531,1014.5122528076172
73,1014.8521881103516,1009.7538452148438
74,1010.2354431152344,1004.9524841308594
75,1005.1303100585938,1000.1657562255859
76,1000.2544097900391,995.4073333740234
77,995.4728393554688,990.6184692382812
78,990.8234558105469,985.8551177978516
79,986.0187225341797,981.0702056884766
80,981.3371658325195,976.2110137939453
81,976.2014465332031,971.4173278808594
82,971.6547546386719,966.6476593017578
83,966.4249572753906,961.8524627685547
84,961.8994903564453,957.0614929199219
85,956.8956756591797,952.2754516601562
86,952.2107391357422,947.5141448974609
87,947.4483032226562,942.6838684082031
88,942.618896484375,937.9109802246094
89,937.6994171142578,933.1504516601562
90,932.8846282958984,928.3789520263672
91,928.2864685058594,923.6153564453125
92,923.1557159423828,918.8446044921875
93,918.6594009399414,914.0556793212891
94,913.6930694580078,909.2939147949219
95,908.6396636962891,904.5288696289062
96,904.4400329589844,899.7772674560547
97,899.0459747314453,895.0292358398438
98,894.6308212280273,890.2808990478516
99,889.8260803222656,885.5373840332031
100,885.0825958251953,880.8344879150391
101,880.5390472412109,876.1607360839844
102,875.5836944580078,871.4664459228516
103,871.0874710083008,866.8033142089844
104,866.3930206298828,862.078857421875
105,861.718505859375,857.365837097168
106,856.9579315185547,852.6677703857422
107,852.3737182617188,847.9879150390625
108,847.3701782226562,843.3833312988281
109,842.9063873291016,838.7404632568359
110,838.0939483642578,834.12939453125
111,833.8455200195312,829.5083770751953
112,829.2661285400391,824.8883666992188
113,824.2879791259766,820.2938385009766
114,820.0192260742188,815.7044219970703
115,815.0509643554688,811.1680145263672
116,810.3800811767578,806.6369476318359
117,806.0075073242188,802.0735931396484
118,801.5110168457031,797.5022125244141
119,796.7963256835938,793.0018081665039
120,792.7101058959961,788.4865798950195
121,787.8702774047852,784.0282745361328
122,783.2879333496094,779.5439529418945
123,778.9923248291016,775.1094360351562
124,774.622184753418,770.7297210693359
125,770.1722259521484,766.3195495605469
126,765.6353607177734,761.9132690429688
127,761.241455078125,757.5218963623047
128,756.6817016601562,753.1551971435547
129,752.6575241088867,748.8134918212891
130,747.9823837280273,744.4477996826172
131,743.4998168945312,740.1238098144531
132,739.435546875,735.8504180908203
133,734.9676513671875,731.5734252929688
134,730.7306900024414,727.2698211669922
135,726.2998352050781,723.0320510864258
136,722.7126617431641,718.7820281982422
137,717.981517791748,714.6006622314453
138,713.7827606201172,710.4328155517578
139,709.5886535644531,706.2688140869141
140,705.3841400146484,702.1217041015625
141,701.485969543457,698.0035552978516
142,697.6556167602539,693.8482055664062
143,693.1921157836914,689.7976455688477
144,689.1602745056152,685.6914138793945
145,684.9333572387695,681.6433944702148
146,680.5920257568359,677.6256790161133
147,677.385856628418,673.5950469970703
148,673.0138626098633,669.5926971435547
149,669.0299530029297,665.6361236572266
150,665.0758972167969,661.7332077026367
151,661.0952987670898,657.8287506103516
152,657.3245162963867,653.9222946166992
153,653.18408203125,650.0811996459961
154,649.5773391723633,646.2855987548828
155,645.3223114013672,642.4832153320312
156,642.1194610595703,638.6778182983398
157,637.8147888183594,634.8904724121094
158,634.0736618041992,631.1439743041992
159,630.6716156005859,627.3948593139648
160,626.4606552124023,623.7367095947266
161,623.5045623779297,620.0335006713867
162,619.4019393920898,616.3914794921875
163,615.7157592773438,612.7417144775391
164,612.1134338378906,609.1001815795898
165,608.4225845336914,605.5664215087891
166,604.9052429199219,602.0354614257812
167,601.1636581420898,598.5040969848633
168,597.7083969116211,595.0400772094727
169,594.3566970825195,591.544303894043
170,590.69921875,588.084285736084
171,587.396110534668,584.6306915283203
172,583.8979415893555,581.1749877929688
173,580.2449760437012,577.8292236328125
174,577.3471755981445,574.5084075927734
175,573.6382446289062,571.1568908691406
176,570.4378089904785,567.8247833251953
177,567.5220336914062,564.6100387573242
178,563.6456298828125,561.3756332397461
179,560.4779739379883,558.151123046875
180,557.5246887207031,554.9411544799805
181,554.4012222290039,551.7707061767578
182,551.0835037231445,548.5779266357422
183,548.1596984863281,545.4538841247559
184,544.7530059814453,542.3832778930664
185,541.7267150878906,539.3295440673828
186,538.6875648498535,536.2555541992188
187,535.7468414306641,533.2028503417969
188,532.6528625488281,530.2430725097656
189,529.4410171508789,527.2820167541504
190,526.8726539611816,524.3416595458984
191,523.695915222168,521.4297714233398
192,520.8775672912598,518.5240707397461
193,517.8050308227539,515.7180404663086
194,515.4380874633789,512.8374710083008
195,512.2794036865234,510.0649719238281
196,508.9502487182617,507.2934036254883
197,506.95748138427734,504.56546783447266
198,504.13358306884766,501.8291893005371
199,501.1776428222656,499.11024475097656
200,498.5866928100586,496.3957977294922
201,495.93747329711914,493.7661552429199
202,493.0212173461914,491.1208724975586
203,490.6141815185547,488.53261947631836
204,488.0541534423828,485.90748596191406
205,485.05749130249023,483.39990997314453
206,482.9365539550781,480.87738037109375
207,480.56054306030273,478.3809394836426
208,477.38940048217773,475.90354919433594
209,475.3752136230469,473.41173553466797
210,473.1410675048828,470.96431732177734
211,470.62454986572266,468.57522201538086
212,467.99195098876953,466.2102508544922
213,465.8945007324219,463.888916015625
214,463.4373779296875,461.52207946777344
215,461.12034606933594,459.2111587524414
216,458.42769622802734,456.9434127807617
217,456.2879943847656,454.70557403564453
218,454.11058807373047,452.46978759765625
219,452.1927185058594,450.2774085998535
220,449.7914047241211,448.09485244750977
221,447.76537704467773,445.9667282104492
222,445.39602279663086,443.84204864501953
223,443.3978500366211,441.69286346435547
224,441.0625228881836,439.6011734008789
225,438.8124008178711,437.5056495666504
226,437.2674369812012,435.4970016479492
227,435.14881896972656,433.4643249511719
228,432.784236907959,431.50389099121094
229,431.32030487060547,429.5067825317383
230,428.91641998291016,427.553524017334
231,427.05809783935547,425.59848403930664
232,425.4586410522461,423.65857315063477
233,423.39313888549805,421.758487701416
234,421.1661148071289,419.9297103881836
235,419.59263610839844,418.0596237182617
236,417.6502571105957,416.2613525390625
237,415.3807678222656,414.4409484863281
238,413.8428497314453,412.67930603027344
239,412.3577880859375,410.90960693359375
240,410.49972915649414,409.18383407592773
241,409.11553382873535,407.5111999511719
242,406.9304885864258,405.82020568847656
243,405.65475845336914,404.1218719482422
244,403.9990463256836,402.4751281738281
245,402.29422760009766,400.8748321533203
246,399.8705139160156,399.30625915527344
247,399.1304168701172,397.7036018371582
248,397.42811584472656,396.1083793640137
249,395.4746627807617,394.55238342285156
250,394.2085952758789,393.0344543457031
251,392.54175567626953,391.51019287109375
252,390.7373905181885,390.0249938964844
253,389.8546371459961,388.5509853363037
254,388.32022857666016,387.06920623779297
255,386.5714302062988,385.60733795166016
256,385.68470001220703,384.19944763183594
257,383.52004623413086,382.80294036865234
258,382.7114372253418,381.402645111084
259,380.9681396484375,380.0760192871094
260,379.82071685791016,378.7399101257324
261,378.42005157470703,377.43077850341797
262,376.98643493652344,376.10033416748047
263,375.82506561279297,374.7903175354004
264,374.5492858886719,373.50380516052246
265,372.8579692840576,372.2660140991211
266,372.0621643066406,371.0363311767578
267,371.02477264404297,369.7957592010498
268,369.4158630371094,368.6093063354492
269,368.42848205566406,367.3933868408203
270,367.2494468688965,366.202091217041
271,366.12011337280273,365.0595512390137
272,364.47335052490234,363.90245819091797
273,363.5706253051758,362.75194549560547
274,362.44781494140625,361.66641998291016
275,361.48011016845703,360.5540962219238
276,360.3683662414551,359.4799976348877
277,359.4932861328125,358.4164047241211
278,358.4388027191162,357.3169479370117
279,357.12299728393555,356.27843856811523
280,356.1482353210449,355.2714214324951
281,355.29247283935547,354.26338958740234
282,354.09008026123047,353.26658630371094
283,352.8108444213867,352.2928237915039
284,352.0491027832031,351.3454284667969
285,351.3585948944092,350.35440254211426
286,350.05041885375977,349.4541473388672
287,349.5036811828613,348.51647186279297
288,348.50279998779297,347.5955924987793
289,347.8544273376465,346.69867515563965
290,345.9858856201172,345.815242767334
291,345.5640869140625,344.9089813232422
292,344.61108779907227,344.0480766296387
293,343.7709560394287,343.1724510192871
294,343.00921058654785,342.3051872253418
295,341.96168327331543,341.52136611938477
296,341.0964126586914,340.69454193115234
297,340.68163299560547,339.89967346191406
298,339.53866958618164,339.140625
299,338.79637145996094,338.3662223815918
300,338.27783584594727,337.6018753051758
301,337.25213623046875,336.82311630249023
302,336.5334167480469,336.0637664794922
303,335.7888603210449,335.33633041381836
304,335.10675048828125,334.60543060302734
305,334.65891456604004,333.88906478881836
306,333.97013092041016,333.1797695159912
307,333.2084445953369,332.46435165405273
308,332.48003578186035,331.7970542907715
309,331.754337310791,331.1002883911133
310,330.8821105957031,330.4437484741211
311,330.1505460739136,329.7791938781738
312,329.647253036499,329.1121368408203
313,328.63602447509766,328.4846649169922
314,328.66209411621094,327.86491775512695
315,327.89276695251465,327.2323875427246
316,327.0248146057129,326.63190841674805
317,326.13033294677734,326.0495204925537
318,326.0824203491211,325.4834213256836
319,325.4212474822998,324.8906936645508
320,324.92933082580566,324.29763412475586
321,324.319278717041,323.7535285949707
322,323.78568840026855,323.18999099731445
323,322.8658752441406,322.64659118652344
324,322.49206733703613,322.07787322998047
325,321.8991050720215,321.5415630340576
326,321.29035568237305,321.00596618652344
327,320.7113723754883,320.5021286010742
328,320.10880279541016,320.015438079834
329,319.6174736022949,319.5231704711914
330,319.21923065185547,319.05060958862305
331,319.0371971130371,318.5778274536133
332,318.34215354919434,318.08142471313477
333,317.97465896606445,317.6180114746094
334,317.5596733093262,317.14477920532227
335,316.7049255371094,316.6944122314453
336,316.6576271057129,316.23905181884766
337,315.9782543182373,315.7871551513672
338,315.6497383117676,315.36105728149414
339,315.2079544067383,314.93016815185547
340,314.7845115661621,314.50487899780273
341,314.14465141296387,314.1249313354492
342,313.9107666015625,313.71916007995605
343,313.5679130554199,313.3404655456543
344,313.20576095581055,312.9378242492676
345,312.6507873535156,312.5474281311035
346,312.3218994140625,312.1486930847168
347,312.29578399658203,311.7289867401123
348,311.39952850341797,311.36949920654297
349,311.0484313964844,310.9992866516113
350,310.9059257507324,310.6359615325928
351,310.5382843017578,310.2916030883789
352,310.3064956665039,309.92962074279785
353,309.8170623779297,309.59545135498047
354,309.43384552001953,309.2572479248047
355,309.4060592651367,308.9365291595459
356,308.80155181884766,308.6338691711426
357,308.8266315460205,308.3107604980469
358,308.0459327697754,307.9899101257324
359,308.005313873291,307.6779079437256
360,307.69357681274414,307.37313079833984
361,307.64391708374023,307.0749931335449
362,307.0756721496582,306.7778148651123
363,306.9540271759033,306.473388671875
364,306.5342769622803,306.1986274719238
365,306.18227767944336,305.90696716308594
366,305.8350944519043,305.6206512451172
367,305.4231071472168,305.3412437438965
368,305.12244033813477,305.0759086608887
369,305.3889694213867,304.79330253601074
370,304.72629165649414,304.5408020019531
371,304.2942123413086,304.3059539794922
372,304.5242042541504,304.03589820861816
373,304.0420265197754,303.79146575927734
374,303.8908348083496,303.56674575805664
375,303.9283256530762,303.309268951416
376,303.02640533447266,303.0734329223633
377,302.75168228149414,302.8601303100586
378,303.1316337585449,302.63289642333984
379,302.67155838012695,302.40202713012695
380,302.2476692199707,302.1891784667969
381,302.19319915771484,301.96397399902344
382,302.487548828125,301.7451362609863
383,301.8699378967285,301.5183620452881
384,301.7277088165283,301.3330307006836
385,301.2724380493164,301.1305046081543
386,301.2289352416992,300.94315338134766
387,300.7890739440918,300.73999404907227
388,301.07600021362305,300.54999923706055
389,300.4056396484375,300.3617401123047
390,300.3179130554199,300.17949867248535
391,300.5022144317627,299.9989814758301
392,299.88360595703125,299.8128662109375
393,299.90711975097656,299.6298408508301
394,299.5654945373535,299.4593276977539
395,299.3722095489502,299.29639053344727
396,299.1388626098633,299.1324348449707
397,299.3737163543701,298.9500331878662
398,299.33642578125,298.77740478515625
399,298.6349296569824,298.6186294555664
400,298.80437088012695,298.45633697509766
401,298.57023429870605,298.2968521118164
402,298.2669677734375,298.1610794067383
403,298.37739181518555,298.01586532592773
404,297.80139541625977,297.8703308105469
405,297.7507743835449,297.7136650085449
406,297.73514556884766,297.5915298461914
407,297.5410690307617,297.4505844116211
408,297.4142189025879,297.3266296386719
409,297.0566177368164,297.2043228149414
410,297.0792655944824,297.081356048584
411,297.1436004638672,296.95676040649414
412,297.0354919433594,296.8273735046387
413,296.47900009155273,296.70538902282715
414,296.66053771972656,296.5883903503418
415,296.8344535827637,296.4626121520996
416,296.70905685424805,296.34331130981445
417,296.2161121368408,296.23154067993164
418,296.37377166748047,296.11695289611816
419,296.35632705688477,295.9968605041504
420,295.72895431518555,295.88734436035156
421,296.0363655090332,295.7832851409912
422,295.6847038269043,295.66698455810547
423,295.57320404052734,295.56341552734375
424,295.69980239868164,295.4724311828613
425,295.2559280395508,295.3700370788574
426,295.5647087097168,295.27709770202637
427,295.19390869140625,295.1847324371338
428,295.4411926269531,295.0856742858887
429,295.2142868041992,294.9977836608887
430,294.8780288696289,294.9152030944824
431,294.76474380493164,294.8209533691406
432,294.6003189086914,294.7359085083008
433,294.6067428588867,294.6487045288086
434,294.65637969970703,294.55028533935547
435,294.51220893859863,294.4780464172363
436,294.565975189209,294.38920974731445
437,294.34528732299805,294.3151397705078
438,294.42716217041016,294.23796463012695
439,294.0866012573242,294.16798210144043
440,294.41662216186523,294.0881004333496
441,294.2923049926758,294.0128631591797
442,294.0961685180664,293.9492988586426
443,294.0608501434326,293.8639717102051
444,293.7054557800293,293.7966995239258
445,293.62732696533203,293.72755432128906
446,293.7819480895996,293.6580810546875
447,293.4917411804199,293.59565353393555
448,293.2489528656006,293.5469856262207
449,293.5252151489258,293.48088455200195
450,293.37818908691406,293.4233169555664
451,293.5902099609375,293.3596935272217
452,293.71850967407227,293.29488372802734
453,293.2733383178711,293.23291015625
454,293.02752685546875,293.1717987060547
455,293.04217529296875,293.11993408203125
456,293.1228218078613,293.0620803833008
457,293.2369575500488,293.01363372802734
458,292.6077117919922,292.9604263305664
459,293.0731620788574,292.91040229797363
460,293.08458709716797,292.8619041442871
461,293.0073890686035,292.81421852111816
462,293.0114440917969,292.77002716064453
463,292.4114532470703,292.7160835266113
464,293.2543716430664,292.6661911010742
465,292.62174224853516,292.6252326965332
466,292.3216438293457,292.5763854980469
467,292.5600185394287,292.5316963195801
468,292.8778266906738,292.4905776977539
469,292.56993103027344,292.4381561279297
470,292.323787689209,292.4007110595703
471,292.3481788635254,292.36177825927734
472,292.0935935974121,292.3118438720703
473,292.13579177856445,292.2822666168213
474,292.47520637512207,292.237003326416
475,292.6525115966797,292.20504570007324
476,292.23828506469727,292.1748332977295
477,292.2579650878906,292.14914321899414
478,291.9033679962158,292.1044645309448
479,292.25928688049316,292.0649070739746
480,291.7511291503906,292.0289192199707
481,292.21601486206055,292.0009956359863
482,292.5805244445801,291.9611701965332
483,291.9375457763672,291.93487548828125
484,291.8791618347168,291.9072494506836
485,292.1627655029297,291.8705024719238
486,292.1085739135742,291.84539794921875
487,291.66530990600586,291.826847076416
488,291.9111862182617,291.7886276245117
489,291.6814842224121,291.7595558166504
490,291.7202777862549,291.7301902770996
491,291.75543212890625,291.70042419433594
492,291.67809295654297,291.6750373840332
493,291.4846725463867,291.64978981018066
494,291.5961151123047,291.6194953918457
495,291.96051025390625,291.60498046875
496,291.3575859069824,291.5802116394043
497,291.5216255187988,291.55628967285156
498,291.54384994506836,291.5378074645996
499,291.4434070587158,291.5161819458008
500,291.717098236084,291.49217987060547
501,291.4229164123535,291.46532440185547
502,291.8014831542969,291.4416084289551
503,291.5869827270508,291.42407608032227
504,291.4525146484375,291.4065361022949
505,291.4480285644531,291.38558197021484
506,291.2609443664551,291.3639717102051
507,291.14702796936035,291.35158920288086
508,291.77149963378906,291.330286026001
509,291.3570556640625,291.30896759033203
510,291.2404079437256,291.28875732421875
511,291.27834701538086,291.2712287902832
512,291.30072593688965,291.2592010498047
513,291.08593559265137,291.2378807067871
514,291.2015380859375,291.21904373168945
515,291.11227798461914,291.2069511413574
516,291.5289649963379,291.1987133026123
517,290.98039054870605,291.18224334716797
518,291.3181686401367,291.1644802093506
519,291.18920516967773,291.14887619018555
520,290.93803787231445,291.1316375732422
521,291.06740951538086,291.11494064331055
522,291.3155326843262,291.0981864929199
523,291.0435371398926,291.0839385986328
524,291.0917854309082,291.0692729949951
525,291.3480968475342,291.0525779724121
526,291.3647403717041,291.0468406677246
527,291.1680717468262,291.0400333404541
528,291.2912483215332,291.03233337402344
529,291.0104217529297,291.02012634277344
530,290.91783905029297,291.0084342956543
531,291.4142475128174,290.9991760253906
532,291.21649169921875,290.98691177368164
533,290.9824676513672,290.97905349731445
534,290.98315811157227,290.96791648864746
535,290.90293884277344,290.95824432373047
536,291.03625106811523,290.9424343109131
537,290.8403511047363,290.92903900146484
538,290.7510108947754,290.9203643798828
539,290.92900466918945,290.90602111816406
540,291.09818267822266,290.8939971923828
541,291.13774490356445,290.8853454589844
542,290.3366069793701,290.87904357910156
543,290.7898254394531,290.86842346191406
544,290.91525650024414,290.85922622680664
545,291.05201721191406,290.85418701171875
546,290.9970359802246,290.8413257598877
547,290.7949523925781,290.83481216430664
548,290.89551162719727,290.83038902282715
549,290.9619388580322,290.8217582702637
550,290.7083206176758,290.8140983581543
551,290.9061031341553,290.8056392669678
552,290.64728927612305,290.79796981811523
553,291.0508804321289,290.79029846191406
554,291.0848045349121,290.78563499450684
555,291.0720043182373,290.77967834472656
556,290.772403717041,290.77008056640625
557,290.9683265686035,290.7653923034668
558,290.7112808227539,290.7595844268799
559,290.8295135498047,290.75433349609375
560,290.71806716918945,290.7477684020996
561,290.9225425720215,290.74467277526855
562,290.71593475341797,290.7381019592285
563,290.8132209777832,290.7318115234375
564,291.1492233276367,290.7231254577637
565,290.5680122375488,290.7193489074707
566,290.70938873291016,290.71206283569336
567,290.8002700805664,290.70935440063477
568,290.7446060180664,290.7058792114258
569,290.5196132659912,290.6985626220703
570,290.8408660888672,290.69164657592773
571,290.9688835144043,290.6885528564453
572,290.56178855895996,290.6829948425293
573,290.6210422515869,290.6820774078369
574,290.9483947753906,290.67791748046875
575,290.58780670166016,290.67296981811523
576,290.43017196655273,290.6681938171387
577,290.59843826293945,290.66275787353516
578,290.76812744140625,290.6561393737793
579,290.5055503845215,290.6521244049072
580,290.8763542175293,290.6495590209961
581,290.44904708862305,290.64579010009766
582,290.5441474914551,290.6416645050049
583,290.8107109069824,290.6402702331543
584,290.5882987976074,290.63493728637695
585,290.7501029968262,290.62866973876953
586,290.6328582763672,290.62944412231445
587,290.7338066101074,290.6261672973633
588,290.60987091064453,290.6198215484619
589,290.6851329803467,290.61611557006836
590,290.4565372467041,290.615047454834
591,290.77721786499023,290.61033630371094
592,290.53922271728516,290.60820388793945
593,290.4345512390137,290.60705947875977
594,290.61864280700684,290.6014099121094
595,290.2685966491699,290.6003017425537
596,290.5498046875,290.5987777709961
597,290.62801361083984,290.59693145751953
598,290.41334533691406,290.59422302246094
599,290.7852783203125,290.58940505981445
600,290.3797721862793,290.5852298736572
601,290.771183013916,290.5818290710449
602,290.7727851867676,290.5789375305176
603,290.6097984313965,290.5754909515381
604,290.4311218261719,290.5760803222656
605,290.4686698913574,290.5742874145508
606,290.339937210083,290.57262420654297
607,290.5691604614258,290.5717182159424
608,290.4174385070801,290.5694160461426
609,290.2887649536133,290.5679817199707
610,290.18335342407227,290.56377029418945
611,290.4627799987793,290.5611572265625
612,290.69594955444336,290.56073570251465
613,290.8208885192871,290.5604057312012
614,290.74776458740234,290.55854415893555
615,290.5453338623047,290.554931640625
616,290.8546333312988,290.5542526245117
617,290.6681823730469,290.55420684814453
618,290.34393882751465,290.55181884765625
619,290.37104415893555,290.54762268066406
620,290.3322944641113,290.5458793640137
621,290.526611328125,290.545223236084
622,290.4856834411621,290.5444145202637
623,290.439998626709,290.54257583618164
624,290.81224060058594,290.5401725769043
625,290.5336036682129,290.5382194519043
626,290.4430503845215,290.5374183654785
627,290.58122634887695,290.53576278686523
628,290.686767578125,290.53406143188477
629,290.4028148651123,290.5348320007324
630,290.4996910095215,290.53382873535156
631,290.59077644348145,290.53416633605957
632,290.6877136230469,290.5332717895508
633,290.4587593078613,290.53160858154297
634,290.4678077697754,290.53076171875
635,290.8091735839844,290.5290298461914
636,290.78342628479004,290.52676010131836
637,290.47571563720703,290.5238380432129
638,290.8373374938965,290.52234649658203
639,290.4959182739258,290.5227737426758
640,290.70496368408203,290.52088165283203
641,290.73646545410156,290.5214538574219
642,290.5764503479004,290.5187129974365
643,290.36537170410156,290.5190544128418
644,290.7100944519043,290.5167655944824
645,290.47369384765625,290.5147361755371
646,290.2777900695801,290.5150566101074
647,290.49156761169434,290.5135974884033
648,290.3842964172363,290.5135307312012
649,290.8297424316406,290.51343536376953
650,290.50940704345703,290.51283264160156
651,290.64098739624023,290.51147842407227
652,290.5361557006836,290.5112533569336
653,290.6266326904297,290.509952545166
654,290.2972221374512,290.50952911376953
655,290.4747505187988,290.5095443725586
656,290.63451957702637,290.5097007751465
657,290.4386672973633,290.50808334350586
658,290.6188049316406,290.50768661499023
659,290.56584548950195,290.5069808959961
660,290.6290626525879,290.5061092376709
661,290.8095817565918,290.5057678222656
662,290.5006103515625,290.50440979003906
663,290.1769676208496,290.50502014160156
664,290.41837310791016,290.5044822692871
665,290.2396049499512,290.5033874511719
666,290.6062126159668,290.5031490325928
667,290.56208419799805,290.50220108032227
668,290.2954845428467,290.49991607666016
669,290.5045394897461,290.49916076660156
670,290.54343032836914,290.49962615966797
671,290.2667427062988,290.49900817871094
672,290.3300247192383,290.49874114990234
673,290.47006607055664,290.49845123291016
674,290.21772956848145,290.4976177215576
675,290.5306987762451,290.4967613220215
676,290.6383247375488,290.4967842102051
677,290.5331115722656,290.49642181396484
678,290.20487213134766,290.49573516845703
679,290.70275115966797,290.4955825805664
680,290.5401611328125,290.4945755004883
681,290.65661239624023,290.4943199157715
682,290.8245048522949,290.4948387145996
683,290.22292709350586,290.49431800842285
684,290.5487594604492,290.4942054748535
685,290.6891975402832,290.4934310913086
686,290.5154609680176,290.49242401123047
687,290.3766899108887,290.49229431152344
688,290.3314971923828,290.49192810058594
689,290.40587615966797,290.4917907714844
690,290.51605224609375,290.4917907714844
691,290.01725006103516,290.4908905029297
692,290.4973678588867,290.4912567138672
693,290.27141189575195,290.49151611328125
694,290.82818603515625,290.491361618042
695,290.41791915893555,290.49194526672363
696,290.52160263061523,290.4915580749512
697,290.3866195678711,290.4904441833496
698,290.6815643310547,290.49079513549805
699,290.29852294921875,290.4898681640625
700,290.43051528930664,290.49001693725586
701,290.5537986755371,290.48895263671875
702,290.328426361084,290.4886245727539
703,290.55157470703125,290.48776626586914
704,290.3246765136719,290.48770904541016
705,290.53307723999023,290.48759269714355
706,290.7916259765625,290.48745346069336
707,290.58624267578125,290.4869728088379
708,290.28355407714844,290.4865837097168
709,290.6082077026367,290.4872016906738
710,290.1900177001953,290.4871368408203
711,290.59346771240234,290.487060546875
712,290.81649589538574,290.48621368408203
713,290.5332889556885,290.48636054992676
714,290.5136184692383,290.4854393005371
715,290.7145462036133,290.4851875305176
716,290.4528503417969,290.4852237701416
717,290.5241241455078,290.4852066040039
718,290.517879486084,290.4850769042969
719,290.67656326293945,290.484920501709
720,290.4538803100586,290.48508071899414
721,290.2657356262207,290.4846382141113
722,290.3948516845703,290.4850654602051
723,290.4999542236328,290.4839401245117
724,290.3694953918457,290.48431396484375
725,290.3250102996826,290.48375701904297
726,290.7305908203125,290.4832420349121
727,290.5384292602539,290.48340606689453
728,290.68761825561523,290.4833335876465
729,290.67401123046875,290.4833183288574
730,290.8195610046387,290.48353576660156
731,290.6351680755615,290.48358154296875
732,290.2658882141113,290.4835968017578
733,290.8177719116211,290.48259353637695
734,290.52586364746094,290.48246002197266
735,290.416072845459,290.48276138305664
736,290.6779556274414,290.4831066131592
737,290.611421585083,290.4825096130371
738,290.302059173584,290.48184967041016
739,290.0873680114746,290.48160552978516
740,290.4606170654297,290.4816207885742
741,290.32622146606445,290.4819755554199
742,290.66264724731445,290.4815082550049
743,290.33637619018555,290.4813461303711
744,290.6458511352539,290.4812240600586
745,290.4602241516113,290.4813232421875
746,290.43701553344727,290.48116302490234
747,290.30951499938965,290.4811782836914
748,290.34878158569336,290.4814739227295
749,290.4366912841797,290.4813766479492
750,290.4445495605469,290.4811019897461
751,290.70670318603516,290.4813766479492
752,290.14697265625,290.4808006286621
753,290.4494171142578,290.48133087158203
754,290.43909454345703,290.48144912719727
755,290.54752349853516,290.48144340515137
756,290.57226943969727,290.4809875488281
757,290.3027534484863,290.4807929992676
758,290.5650939941406,290.48075103759766
759,290.3988456726074,290.4806480407715
760,291.0740966796875,290.48046112060547
761,290.57627296447754,290.480712890625
762,290.4271583557129,290.48044204711914
763,290.67504119873047,290.48070907592773
764,290.6535758972168,290.4807472229004
765,290.3195686340332,290.4803695678711
766,290.53958892822266,290.48048400878906
767,290.60692977905273,290.4805107116699
768,290.78123474121094,290.4801712036133
769,290.54771423339844,290.4799690246582
770,290.28420639038086,290.4802055358887
771,290.4863910675049,290.48047256469727
772,290.8591003417969,290.4805717468262
773,290.48271560668945,290.48043060302734
774,290.5088539123535,290.480224609375
775,290.5280456542969,290.48049545288086
776,290.5985412597656,290.4799385070801
777,290.5545654296875,290.47969245910645
778,290.3001899719238,290.47972106933594
779,290.526554107666,290.48005867004395
780,290.7571601867676,290.47983169555664
781,290.2372512817383,290.4795341491699
782,290.62187576293945,290.4793701171875
783,290.41899490356445,290.4793243408203
784,290.6374912261963,290.47917556762695
785,290.6156120300293,290.4793815612793
786,290.4365539550781,290.4794387817383
787,290.23118591308594,290.47937774658203
788,290.41709899902344,290.4793167114258
789,290.6526470184326,290.4795379638672
790,290.2762031555176,290.4794616699219
791,290.6360206604004,290.4794235229492
792,290.7873115539551,290.4793891906738
793,290.59997940063477,290.4794731140137
794,290.6662082672119,290.47959899902344
795,290.5313034057617,290.4796257019043
796,290.47175216674805,290.4791259765625
797,290.44936752319336,290.4792175292969
798,290.4177589416504,290.4790840148926
799,290.5607147216797,290.4792289733887
800,290.58658599853516,290.47914123535156
801,291.1577396392822,290.4791069030762
802,290.38701248168945,290.4791793823242
803,290.73303985595703,290.4791717529297
804,290.8941230773926,290.4792175292969
805,290.79899978637695,290.4792594909668
806,290.44880294799805,290.47934341430664
807,290.47692489624023,290.47947883605957
808,290.62901306152344,290.4792175292969
809,291.06775283813477,290.47935485839844
810,290.7289047241211,290.4792289733887
811,290.63631439208984,290.47930908203125
812,290.4522819519043,290.4791488647461
813,290.6379508972168,290.47923278808594
814,290.4491844177246,290.47926330566406
815,290.2679138183594,290.4793128967285
816,290.900484085083,290.47879219055176
817,290.31243896484375,290.4787368774414
818,290.46914291381836,290.47882080078125
819,290.8711700439453,290.47866439819336
820,290.40070724487305,290.4787406921387
821,290.4524841308594,290.47887802124023
822,290.34955978393555,290.47906494140625
823,290.71770668029785,290.47890281677246
824,290.3913803100586,290.4786777496338
825,290.6525764465332,290.4787902832031
826,290.50939178466797,290.4790458679199
827,290.77982330322266,290.47890853881836
828,290.44629096984863,290.4790954589844
829,290.43432998657227,290.4791145324707
830,290.53088760375977,290.47909927368164
831,290.30370140075684,290.47869873046875
832,290.48661041259766,290.47889709472656
833,290.76050567626953,290.47900009155273
834,290.18271255493164,290.4790630340576
835,290.4510955810547,290.4789695739746
836,290.5614318847656,290.47902488708496
837,290.25478744506836,290.47887420654297
838,290.4144821166992,290.4787940979004
839,290.7025489807129,290.47867584228516
840,290.6463279724121,290.47863006591797
841,290.6294746398926,290.4785270690918
842,290.89043045043945,290.4786739349365
843,290.6139221191406,290.47875213623047
844,290.6176109313965,290.4787254333496
845,290.2325096130371,290.4787406921387
846,290.4470558166504,290.4786911010742
847,290.4961528778076,290.4786949157715
848,290.51607513427734,290.4786605834961
849,290.4375534057617,290.47864151000977
850,290.3782768249512,290.4786205291748
851,290.658203125,290.47875595092773
852,290.49763107299805,290.4785614013672
853,290.51800537109375,290.4786834716797
854,290.53113174438477,290.4787368774414
855,290.3748435974121,290.47851943969727
856,290.542423248291,290.47862243652344
857,290.44705963134766,290.4785385131836
858,290.3314514160156,290.4784507751465
859,290.42248916625977,290.4784049987793
860,290.4504165649414,290.4783630371094
861,290.55728912353516,290.4783363342285
862,290.14208602905273,290.4784126281738
863,290.90591621398926,290.47840118408203
864,290.35399627685547,290.47840118408203
865,290.52197647094727,290.47843170166016
866,290.97715759277344,290.4785041809082
867,290.6063690185547,290.47867584228516
868,290.2888603210449,290.4789276123047
869,290.25736236572266,290.4786434173584
870,290.73876190185547,290.47856521606445
871,290.6114616394043,290.4782657623291
872,290.7766418457031,290.478214263916
873,290.7604751586914,290.4782600402832
874,290.61152267456055,290.478328704834
875,290.7279815673828,290.4783535003662
876,290.22554779052734,290.47833251953125
877,290.7431812286377,290.4782829284668
878,290.9230270385742,290.4784240722656
879,290.3290157318115,290.47842025756836
880,290.52496337890625,290.4784355163574
881,290.4561767578125,290.4783821105957
882,290.2523193359375,290.4783821105957
883,290.61073112487793,290.47830963134766
884,290.53050994873047,290.4784965515137
885,290.59232330322266,290.4786186218262
886,290.52075958251953,290.47876739501953
887,290.2881965637207,290.4785957336426
888,290.69321060180664,290.47847747802734
889,290.47911071777344,290.4784679412842
890,290.7503242492676,290.47863006591797
891,290.2584419250488,290.4789161682129
892,290.96043395996094,290.4790458679199
893,290.3350028991699,290.47874450683594
894,290.6748275756836,290.47872161865234
895,290.68328857421875,290.4784698486328
896,290.71435546875,290.4784965515137
897,290.5411720275879,290.4784927368164
898,290.58860778808594,290.4784240722656
899,290.7545623779297,290.4784393310547
900,290.8092613220215,290.4785842895508
901,290.45176696777344,290.4784965515137
902,290.8277816772461,290.4784240722656
903,290.67265701293945,290.4785041809082
904,290.5542678833008,290.4784507751465
905,290.7674789428711,290.4784851074219
906,290.401065826416,290.47834396362305
907,290.2381782531738,290.4783020019531
908,290.1204261779785,290.4784240722656
909,290.56868743896484,290.4787292480469
910,290.667688369751,290.4783935546875
911,290.7655258178711,290.4783401489258
912,290.1813430786133,290.4787139892578
913,290.43675231933594,290.47840118408203
914,290.69991302490234,290.47839736938477
915,290.4771156311035,290.47867584228516
916,290.6685333251953,290.47865295410156
917,290.5428047180176,290.4789123535156
918,290.3686103820801,290.4786739349365
919,290.7419013977051,290.4787845611572
920,290.88792419433594,290.478515625
921,290.628849029541,290.47868728637695
922,290.5926094055176,290.4787826538086
923,290.272762298584,290.4786911010742
924,290.55897521972656,290.47888946533203
925,290.77761459350586,290.47900009155273
926,290.39147567749023,290.4787254333496
927,290.7727470397949,290.47837829589844
928,290.41346549987793,290.4784278869629
929,290.38503646850586,290.4783134460449
930,290.33435821533203,290.47839736938477
931,290.14355087280273,290.4784164428711
932,290.4764060974121,290.4783248901367
933,290.87149810791016,290.4781742095947
934,290.5424270629883,290.4782428741455
935,290.3340263366699,290.47839736938477
936,290.3606414794922,290.4785842895508
937,290.51729583740234,290.47836685180664
938,290.7229461669922,290.47838020324707
939,290.41009521484375,290.47830963134766
940,290.63935470581055,290.47858238220215
941,290.42370986938477,290.4781723022461
942,290.54631423950195,290.47818756103516
943,290.7988700866699,290.4781913757324
944,290.7642135620117,290.478364944458
945,290.3272018432617,290.4783744812012
946,290.44283294677734,290.47864151000977
947,290.3284339904785,290.4787940979004
948,290.76512908935547,290.47851181030273
949,290.7858581542969,290.4783248901367
950,290.6584587097168,290.478328704834
951,290.5662384033203,290.4783592224121
952,290.62477111816406,290.4783878326416
953,290.3911361694336,290.478515625
954,290.8586616516113,290.47842025756836
955,290.5772132873535,290.47857666015625
956,290.5016746520996,290.47838592529297
957,290.3937759399414,290.4785690307617
958,290.3427200317383,290.47819900512695
959,290.3941307067871,290.4781742095947
960,290.6396179199219,290.47823333740234
961,290.5834541320801,290.47821044921875
962,290.3557586669922,290.4782409667969
963,290.61450576782227,290.4782295227051
964,290.48258209228516,290.47813606262207
965,290.698486328125,290.4781036376953
966,290.3121528625488,290.4781150817871
967,290.7209243774414,290.4781150817871
968,291.0981197357178,290.478084564209
969,290.80806732177734,290.4782257080078
970,290.4875946044922,290.4782485961914
971,290.6454544067383,290.47821044921875
972,290.6772994995117,290.4784469604492
973,290.5406017303467,290.4786605834961
974,290.4569396972656,290.47840881347656
975,290.40489959716797,290.4783172607422
976,290.67142486572266,290.47814559936523
977,290.63047790527344,290.4781303405762
978,290.6923580169678,290.4781303405762
979,290.4026908874512,290.47818756103516
980,290.5765037536621,290.478084564209
981,290.41682052612305,290.47815704345703
982,290.6802177429199,290.4781799316406
983,290.15398025512695,290.47817611694336
984,290.4968566894531,290.4781074523926
985,290.19640350341797,290.4781303405762
986,290.34593963623047,290.4782524108887
987,290.6286277770996,290.47828483581543
988,290.49876403808594,290.4781723022461
989,290.18457412719727,290.47821044921875
990,290.5549736022949,290.4782409667969
991,290.44706535339355,290.4780960083008
992,290.7732391357422,290.4781494140625
993,290.6133804321289,290.4781913757324
994,290.7492027282715,290.4782485961914
995,290.4433250427246,290.4781837463379
996,290.6278419494629,290.47808837890625
997,290.7757625579834,290.47815704345703
998,290.4806594848633,290.47809982299805
999,290.6753273010254,290.47805404663086
1000,290.1656074523926,290.4781074523926
