Case,Perturbation,Formulation,Merge,A_parameter,n,mean,std,median,max,cv,tail_ratio,cv_ge_5pct,tail_ge_2x
case2746wop,"(0.02, 20)",Chordal_AMD,False,0.0,20,65.3561347293551,9.514183518601804,63.585257025493775,77.79650457098614,0.1455744523142439,1.2234990972796498,True,False
case2746wop,"(0.02, 20)",Chordal_AMD,True,2.0,20,112.58075899074319,13.818704899123231,115.80204271402908,125.89827183191665,0.12274481912366088,1.087185241998019,True,False
case2746wop,"(0.02, 20)",Chordal_AMD,True,3.0,20,49.61227761809132,6.57277145427932,47.63609483302571,58.37691379501484,0.13248275970870832,1.2254764795401032,True,False
case2746wop,"(0.02, 20)",Chordal_AMD,True,4.0,20,49.921281986054964,4.3914199551421556,51.26293376152171,54.01354683493264,0.0879668906813903,1.053656957797362,True,False
case2746wop,"(0.02, 20)",Chordal_AMD,True,5.0,20,50.52659605490044,4.692722219961886,51.42535373044666,56.43311388604343,0.09287627875946636,1.0973792067983754,True,False
case2746wop,"(0.02, 20)",Chordal_MD,False,0.0,20,60.34214860874344,9.894780078759592,57.593327756476356,72.75818194897147,0.16397792102029757,1.2633092197175537,True,False
case2746wop,"(0.02, 20)",Chordal_MD,True,2.0,20,101.55599532975467,20.90666105120138,88.32828531350242,127.43241962901084,0.20586338584262767,1.4427136129351614,True,False
case2746wop,"(0.02, 20)",Chordal_MD,True,3.0,20,45.20875017295184,7.665459210898482,40.5486282625061,55.679221816011705,0.16955698137137812,1.3731468659199093,True,False
case2746wop,"(0.02, 20)",Chordal_MD,True,4.0,20,57.70415924571862,9.158559432018695,58.181777529011015,68.42232477699872,0.15871575899787876,1.1760095288061883,True,False
case2746wop,"(0.02, 20)",Chordal_MD,True,5.0,20,60.55239831235376,9.535710090545505,60.91347953048535,71.30969890009146,0.15747865247808115,1.1706719013548246,True,False
case2746wop,"(0.02, 20)",Chordal_MFI,False,0.0,20,68.25791179466759,10.61819151436169,68.83974611648591,80.06974553398322,0.15555986456636955,1.163132493232829,True,False
case2746wop,"(0.02, 20)",Chordal_MFI,True,2.0,20,116.51915753710782,15.418861275665058,122.81865098001435,129.54766465106513,0.13232898007140687,1.0547882069812489,True,False
case2746wop,"(0.02, 20)",Chordal_MFI,True,3.0,20,50.80246401945478,7.212497810200811,50.262174168019556,60.05505600501783,0.14197141712336608,1.1948360173251165,True,False
case2746wop,"(0.02, 20)",Chordal_MFI,True,4.0,20,55.411102675646546,7.895421333751338,53.849461572477594,65.74872215895448,0.1424880746367355,1.2209726938580678,True,False
case2746wop,"(0.02, 20)",Chordal_MFI,True,5.0,20,57.49586552860565,8.126400902744182,55.802663781505544,68.16228387900628,0.14133887416132715,1.2214879946572916,True,False
case2746wop,"(0.04, 869)",Chordal_AMD,False,0.0,20,62.76515714189154,3.6988063968845393,63.83180546096992,66.37616088998038,0.05893088722016174,1.0398603080491937,True,False
case2746wop,"(0.04, 869)",Chordal_AMD,True,2.0,20,112.98438386250055,9.43166956461666,117.83490916900337,120.21263108297715,0.08347763860972848,1.0201784168269148,True,False
case2746wop,"(0.04, 869)",Chordal_AMD,True,3.0,20,56.148702495667386,2.5481282771149942,56.0498797915061,59.08555428101681,0.04538178379654661,1.054160231936318,False,False
case2746wop,"(0.04, 869)",Chordal_AMD,True,4.0,20,52.72613144064671,2.1549863155196824,52.81357680744259,55.75522004603408,0.040871314785260314,1.0556986179769017,False,False
case2746wop,"(0.04, 869)",Chordal_AMD,True,5.0,20,51.393760800058956,4.303413263251227,52.69172040600097,55.54988816101104,0.08373415753700379,1.0542432043020664,True,False
case2746wop,"(0.04, 869)",Chordal_MD,False,0.0,20,73.48171012274979,5.488124610586625,75.47770155253238,79.5323782049818,0.07468694728822747,1.0537201924415698,True,False
case2746wop,"(0.04, 869)",Chordal_MD,True,2.0,20,127.65942528533924,11.472326314876522,130.69752284750575,144.76014759397367,0.08986666115121572,1.1075967198159968,True,False
case2746wop,"(0.04, 869)",Chordal_MD,True,3.0,20,63.22093283929862,4.566587203179677,63.47867918200791,66.96914975799154,0.07223220218511314,1.054986502885097,True,False
case2746wop,"(0.04, 869)",Chordal_MD,True,4.0,20,58.756830284951135,3.93773463377463,59.58373398549156,62.60704943496967,0.06701747889867311,1.050740617400955,True,False
case2746wop,"(0.04, 869)",Chordal_MD,True,5.0,20,59.629733760652016,4.079853396609222,60.970961696031736,62.86393796902848,0.0684197822010301,1.0310471775471428,True,False
case2746wop,"(0.04, 869)",Chordal_MFI,False,0.0,20,65.85550778065517,5.082319837364911,67.7133861775219,69.98552715603728,0.07717380077445588,1.0335552703354487,True,False
case2746wop,"(0.04, 869)",Chordal_MFI,True,2.0,20,117.91376049873652,11.460630891776097,123.2619304524851,125.53504784801044,0.09719502493433665,1.0184413580671736,True,False
case2746wop,"(0.04, 869)",Chordal_MFI,True,3.0,20,58.376524189137854,3.362218620100963,58.59545634652022,61.818729648017325,0.05759538901643912,1.0550089290615878,True,False
case2746wop,"(0.04, 869)",Chordal_MFI,True,4.0,20,53.89982559964992,2.847758700353761,54.80019150301814,57.56556069501676,0.05283428413119498,1.0504627651136276,True,False
case2746wop,"(0.04, 869)",Chordal_MFI,True,5.0,20,55.61852440719959,3.0547004190242157,56.40118967805756,58.77698235400021,0.054922356383636774,1.0421230950890197,True,False
case2746wop,"(0.05, 1547)",Chordal_AMD,False,0.0,20,96.32487331274896,6.995980057608803,98.9722757714917,100.93047907110304,0.07262900865588638,1.0197853720584587,True,False
case2746wop,"(0.05, 1547)",Chordal_AMD,True,2.0,20,152.5694582180353,13.987809534425711,161.18788503296673,166.38566272694152,0.09168158357379687,1.0322467019956973,True,False
case2746wop,"(0.05, 1547)",Chordal_AMD,True,3.0,20,73.65459341084934,4.845646865776411,74.45373489748454,79.05470456997864,0.06578879390110985,1.0617963582193584,True,False
case2746wop,"(0.05, 1547)",Chordal_AMD,True,4.0,20,71.50837008816889,4.343658357926181,71.85946214600699,76.24463486496825,0.06074335567389533,1.061024290858889,True,False
case2746wop,"(0.05, 1547)",Chordal_AMD,True,5.0,20,63.28885343266302,7.34213631233215,66.10565105255228,71.43045106704812,0.11600994352258111,1.0805498460375615,True,False
case2746wop,"(0.05, 1547)",Chordal_MD,False,0.0,20,100.92603338279295,8.348458046417871,104.8911331424897,107.22055665496735,0.08271857881062047,1.0222080117040326,True,False
case2746wop,"(0.05, 1547)",Chordal_MD,True,2.0,20,172.4223891331465,16.606876035068666,182.56450564897386,185.55735106900104,0.09631507902517607,1.0163933586618512,True,False
case2746wop,"(0.05, 1547)",Chordal_MD,True,3.0,20,77.75148202129931,6.901486048739204,82.1060068444931,84.27088642399758,0.0887634019226618,1.026366884259817,True,False
case2746wop,"(0.05, 1547)",Chordal_MD,True,4.0,20,75.77183590990026,6.184140047347938,78.68766386399511,81.88558220100822,0.08161528585240371,1.0406406567431006,True,False
case2746wop,"(0.05, 1547)",Chordal_MD,True,5.0,20,75.26176574860293,5.989571177993243,78.26409889000934,81.3373686390114,0.07958318700627119,1.0392679375676601,True,False
case2746wop,"(0.05, 1547)",Chordal_MFI,False,0.0,20,91.20024162344926,7.203525326533618,94.8658308055019,98.04557668900816,0.07898581405382438,1.0335183475072864,True,False
case2746wop,"(0.05, 1547)",Chordal_MFI,True,2.0,20,154.86362624540342,16.391040199983905,164.9305217494839,170.6211019619368,0.10584176928680446,1.0345028934128786,True,False
case2746wop,"(0.05, 1547)",Chordal_MFI,True,3.0,20,74.84508663355082,5.915874100481569,77.99591797194444,80.45873847603798,0.07904158264184118,1.0315762743504018,True,False
case2746wop,"(0.05, 1547)",Chordal_MFI,True,4.0,20,73.39391238180687,5.117923750218718,75.57672714750515,79.39987324608956,0.06973226503574928,1.0505862881720542,True,False
case2746wop,"(0.05, 1547)",Chordal_MFI,True,5.0,20,73.59144264685456,5.937424401490047,76.59244875999866,79.1761757369386,0.08068090783302267,1.033733442640488,True,False
case2746wop,"(0.06, 1045)",Chordal_AMD,False,0.0,20,59.57953346158028,2.4284589949441444,60.16580445645377,62.178988486062735,0.04075995318946447,1.0334606018783652,False,False
case2746wop,"(0.06, 1045)",Chordal_AMD,True,2.0,20,105.61809636785183,6.991847550107725,108.34714069205802,112.43863012397196,0.06619933316877989,1.0377627817935933,True,False
case2746wop,"(0.06, 1045)",Chordal_AMD,True,3.0,20,49.366273544350406,1.5108029648657502,49.532365248480346,51.65618255897425,0.030603949951953584,1.0428773651296424,False,False
case2746wop,"(0.06, 1045)",Chordal_AMD,True,4.0,20,50.82412604818237,1.4942287972920825,50.94908231543377,52.87218083406333,0.029399989994427472,1.0377454986671468,False,False
case2746wop,"(0.06, 1045)",Chordal_AMD,True,5.0,20,47.84510768679902,3.3115373438768914,48.91402901802212,52.12560792698059,0.06921370865240169,1.0656576236599766,True,False
case2746wop,"(0.06, 1045)",Chordal_MD,False,0.0,20,69.02220076494268,6.359537668535238,71.14028035802767,75.85599526803708,0.0921375673052334,1.0662875502637414,True,False
case2746wop,"(0.06, 1045)",Chordal_MD,True,2.0,20,119.78192263500242,10.817921680936998,123.52011184950244,127.10892963199876,0.0903134750466579,1.0290545218002147,True,False
case2746wop,"(0.06, 1045)",Chordal_MD,True,3.0,20,54.139007103952466,3.726691934395869,55.13199842098402,57.849084947956726,0.06883561656829496,1.049283294725238,True,False
case2746wop,"(0.06, 1045)",Chordal_MD,True,4.0,20,54.52671824210847,3.494209025861218,54.50492192650563,58.72664792696014,0.06408251107917956,1.077455867309508,True,False
case2746wop,"(0.06, 1045)",Chordal_MD,True,5.0,20,54.12099974680168,3.2098449619722227,53.88799829449272,57.84141766396351,0.05930867827625285,1.0733636337327979,True,False
case2746wop,"(0.06, 1045)",Chordal_MFI,False,0.0,20,62.00400253689732,3.6480281992947816,61.944683393492596,66.1747413080302,0.058835366267264995,1.0682876670410424,True,False
case2746wop,"(0.06, 1045)",Chordal_MFI,True,2.0,20,108.43401859584556,10.901013431067597,112.36196475598263,119.61280844302382,0.10053130532492548,1.0645311222777913,True,False
case2746wop,"(0.06, 1045)",Chordal_MFI,True,3.0,20,51.10195586445043,2.4984622873992817,52.006935801531654,53.5348365859827,0.048891715495714735,1.0293787888269712,False,False
case2746wop,"(0.06, 1045)",Chordal_MFI,True,4.0,20,51.438229203259105,2.410133674217646,51.830561956972815,53.85401003505103,0.046854911445220214,1.0390396708366385,False,False
case2746wop,"(0.06, 1045)",Chordal_MFI,True,5.0,20,51.88982392238686,1.9832549022218298,52.12820760399336,54.10236532101408,0.03822049782223664,1.0378711988721723,False,False
case2746wop,"(0.07, 1709)",Chordal_AMD,False,0.0,20,95.05044841285562,9.096574078649853,94.20722613751423,108.03753717499784,0.09570258984090745,1.1468073268317605,True,False
case2746wop,"(0.07, 1709)",Chordal_AMD,True,2.0,20,181.500429886498,7.384702654726034,184.30272721103393,188.50539096992,0.04068697060025746,1.022803047043758,False,False
case2746wop,"(0.07, 1709)",Chordal_AMD,True,3.0,20,68.91275119750063,9.60490678873478,72.86472171748755,77.9729259100277,0.13937778744615173,1.070105313959007,True,False
case2746wop,"(0.07, 1709)",Chordal_AMD,True,4.0,20,64.8611220050254,7.962525728184275,67.62380160746397,73.55224283097778,0.12276268868070682,1.087667967233292,True,False
case2746wop,"(0.07, 1709)",Chordal_AMD,True,5.0,20,74.99438626724296,10.63625534671692,80.91435041098157,86.67744505708106,0.14182735370104316,1.0712246297081727,True,False
case2746wop,"(0.07, 1709)",Chordal_MD,False,0.0,20,90.95584465430002,17.03883628724106,102.17324286600342,104.72304437396816,0.18733085654914572,1.024955667809318,True,False
case2746wop,"(0.07, 1709)",Chordal_MD,True,2.0,20,172.23066285934766,38.42162205012231,196.1080529570172,201.0414729390177,0.22308235602332532,1.0251566414923399,True,False
case2746wop,"(0.07, 1709)",Chordal_MD,True,3.0,20,76.33135677894752,13.975910847575701,85.42891971798963,87.75216179096606,0.1830952761399141,1.0271950304492403,True,False
case2746wop,"(0.07, 1709)",Chordal_MD,True,4.0,20,81.41029499284923,5.900012141861865,81.96806617101538,86.92852282500826,0.07247255574224487,1.0605169413615732,True,False
case2746wop,"(0.07, 1709)",Chordal_MD,True,5.0,20,97.22363535229525,6.217224116029986,98.90261951700086,101.62643724802184,0.06394766142514142,1.0275404002879092,True,False
case2746wop,"(0.07, 1709)",Chordal_MFI,False,0.0,20,99.86873455124442,7.916975363733133,99.9964188199956,108.89537573303096,0.07927381276340087,1.0889927561211412,True,False
case2746wop,"(0.07, 1709)",Chordal_MFI,True,2.0,20,187.1899381105468,8.445463638835191,188.1648250130238,194.92061244498476,0.04511708120683091,1.0359035618452777,False,False
case2746wop,"(0.07, 1709)",Chordal_MFI,True,3.0,20,84.33902976904938,7.0836110284415525,84.17968979850411,93.27317323099123,0.08398971446362413,1.1080246726289162,True,False
case2746wop,"(0.07, 1709)",Chordal_MFI,True,4.0,20,78.70614246599726,7.198074544361324,78.12657160247909,89.83249378099572,0.09145505444471563,1.1498327897719396,True,False
case2746wop,"(0.07, 1709)",Chordal_MFI,True,5.0,20,94.91047989420477,8.785135032625073,93.49310895259259,106.66691224602982,0.09256232865346088,1.1409066768773006,True,False
